record_id,title,author,publication_year,publisher,place,language,isbn,doi,url,manual_tags,public_witness,date_added
A6UZXB85,A Woman's Work: Reclaiming the Radical History of Mothering,"Cleghorn, Elinor",2026,Dutton,"New York, NY",eng,978-0-593-47271-2,,,"religion; ancient; early modern; medicine and health; East Asia; age and childhood institutions; Britain and Ireland; China and Taiwan; family and household; reproduction, pregnancy and childbirth; motherhood and maternity",August CSV,2026-06-05 11:35:24
4S44XJFA,A Womb of One's Own: Lost Histories of Childbirth in Ancient Rome,"Mulder, Tara",2026,University of California Press,"Oakland, California",eng,978-0-520-39875-7,,,"Europe; modern; Italy; ancient; medicine and health; East Asia; juvenile justice; law and rights; China and Taiwan; reproduction, pregnancy and childbirth; motherhood and maternity",August CSV,2026-06-05 11:35:23
7AJ5WG77,"Consenting Children: Autonomy, Responsibility, Well-Being","Melton, Gary B.; Koocher, Gerald P.; Saks, Michael J.",2026,Liverpool University Press,,eng,,,https://www.liverpooluniversitypress.co.uk/doi/book/10.3828/9781836245674,law and rights,August CSV,2026-06-05 11:35:09
EKWI26FD,Delivering Knowledge: Jewish Midwives and Hidden Healing in Early Modern Europe,"Katz, Jordan R.",2026,Stanford University Press,"Stanford, California",eng,978-1-5036-4410-6 978-1-5036-4639-1,,,"Europe; modern; religion; early modern; medicine and health; birth and infancy; child welfare and social care; labour and apprenticeship; reproduction, pregnancy and childbirth; Middle East and Islamic world; motherhood and maternity",August CSV,2026-06-05 11:35:25
K28WIXIA,"Enfance et handicap: Discrimination, pouvoir d’agir, inclusion",,2026,Presses universitaires de Rennes,Rennes,fre,979-10-413-1264-1,,https://books.openedition.org/pur/310400,disability; medicine and health; age and childhood institutions; global and transnational; methods and field formation,August CSV,2026-06-05 11:35:23
YA8IPL48,First Helpings: A History of Children and Food,"Albon, Deborah; Palmer, Amy",2026,Reaktion Books,,eng,978-1-83639-181-4,,https://press.uchicago.edu/ucp/books/book/distributed/F/bo266709942.html,"education and schooling; birth and infancy; media, literature and visual culture; food and nutrition",August CSV,2026-06-05 11:35:22
FITX9V4T,"Generating Difference: Race and Reproduction in the British Empire, 1660–1840","Wells, Andrew",2026,Johns Hopkins University Press,Baltimore,eng,978-1-4214-5361-3,,,"19th century; 17th century; early modern; Britain and Ireland; empire and colonialism; race and ethnicity; reproduction, pregnancy and childbirth",August CSV,2026-06-05 11:35:25
XGQGGUGY,Growing Up Rural: Qualitative Longitudinal Explorations of Young People Living in the Nordic Countries,,2026,Springer Nature Singapore,Singapore,eng,978-981-96-7127-4,10.1007/978-981-96-7127-4,,"contemporary; 21st century; medicine and health; education and schooling; age and childhood institutions; child welfare and social care; memory and oral history; global and transnational; family and household; gender and sexuality; media, literature and visual culture",August CSV,2026-06-05 11:35:11
SH8G9JTX,"How Children's Worship Changed the Church: Ritualism, Liturgy and Children in the Late Nineteenth Century Church of England","Haynes, Catherine M.",2026,Routledge,"Abingdon, Oxon ; New York, NY",eng,978-1-041-01756-1,,,"Europe; modern; France; religion; age and childhood institutions; Britain and Ireland; youth and adolescence; media, literature and visual culture; methods and field formation",August CSV,2026-06-05 11:35:14
FJ4F249A,Jugend unter Verdacht: Kriminalisierung und Maßnahmen »der Besserung« im 18. und 19. Jahrhundert,"Dollinger, Bernd",2026,transcript Verlag,Erscheinungsort nicht ermittelbar,ger,978-3-8376-7626-6 978-3-8394-7626-0,,,19th century; 18th century; early modern; juvenile justice; law and rights,August CSV,2026-06-05 11:35:29
8VSTD8KT,Making Babies Count: The Sheppard-Towner Act and Building the Modern Administrative State,"Bezark, Michelle",2026,Cambridge University Press,"Cambridge, United Kingdom New York, NY",eng,978-1-009-63463-2 978-1-009-63464-9 978-1-009-63466-3,10.1017/9781009634649,,"20th century; modern; medicine and health; birth and infancy; child welfare and social care; law and rights; family and household; media, literature and visual culture; motherhood and maternity",August CSV,2026-06-05 11:35:22
U6SH84HK,"Motherhood in the Medieval World: Mothers in Literary and Textual Sources, c. 300–1400",,2026,Brepols,,eng,,,https://www.brepols.net/products/978-2-503-61606-3?fbclid=IwZXh0bgNhZW0CMTAAYnJpZBExbUNpM0RSeHRZNXB5QmYxcnNydGMGYXBwX2lkEDIyMjAzOTE3ODgyMDA4OTIAAR7PtCeasj78nf9-EDugN6SK_9Sv0v8IZNJ_PEcJfvfbY2-CUTA8uQ27SyMnVg_aem_L345i8or5GMxodfcO_23nA,medieval; family and household; motherhood and maternity,August CSV,2026-06-05 11:35:24
I9TL8ETP,"Negotiating Childhood: French Colonialism and African Children in Senegal, 1848–1940","Bryant, Duke",2026,University of Massachusetts Press,Amherst,eng,978-1-68575-202-6 978-1-68575-203-3,,,20th century; Europe; 19th century; contemporary; modern; France; Africa; medicine and health; education and schooling; Britain and Ireland; child welfare and social care,August CSV,2026-06-05 11:35:12
S9MQ23K7,Rethinking Childhood in Modern Chinese History,"Jackson, Isabella; Geng, Yushu; Francis, Taylor &",2026,Routledge,London,eng,978-1-040-69536-4,,,modern; East Asia; China and Taiwan,August CSV,2026-06-05 11:35:14
urn:isbn:978-1-003-63193-4,The Wonders of Childbirth : Giving Life between the Middle Ages and the Early Modern Period,,2026,,,,,,,,September RDF only,2026-09-03 08:01:00
urn:isbn:978-2-503-61941-5,"Useful Nature(s): Science, Pedagogy and the Power of Youth in Early Modern Central Europe","Whitmer, Kelly J.",2026,,,,,,,,September RDF only,2026-09-07 09:25:57
NVPQJ4K5,We Have Come to Be Destroyed: Growing Up in Cold War Britain,"Tisdall, Laura",2026,Yale University Press,New Haven,eng,978-0-300-27952-8,,,"20th century; contemporary; modern; war, displacement and humanitarianism; age and childhood institutions; Britain and Ireland; youth and adolescence; child welfare and social care; memory and oral history; gender and sexuality; methods and field formation",August CSV,2026-06-05 11:35:21
GH9E8SAV,保育の帝国史,"茜, 大石",2026,岩波書店,,jpn,,,https://www.iwanami.co.jp/book/b10155815.html,,August CSV,2026-06-05 11:35:23
T2DUM4BH,台湾植民地支配と学校教育,"虹彣, 陳",2026,明石書店,,zho,,,http://www.akashi.co.jp/book/b674569.html,Japan; East Asia; China and Taiwan,August CSV,2026-06-05 11:35:15
TGUB79RR,臺灣童軍史前史──日治時期臺灣少年團,"李, 新元",2026,秀威資訊,,zho,978-626-7511-22-0,,https://store.showwe.tw/books.aspx?b=148094,East Asia; China and Taiwan,August CSV,2026-06-05 11:35:11
U3HKYWNI,A Dark Side of Childhood in Roman Society: Maltreatment and Death in Children's Lives,"Antošovská, Tereza; Charvátová, Irma",2025,Masaryk University Press,Brno,eng,978-80-280-0604-4,,,"Europe; Italy; ancient; violence, abuse and neglect",August CSV,2026-06-05 11:35:13
PHZEU644,A Flower Traveled in My Blood: The Incredible True Story of the Grandmothers Who Fought to Find a Stolen Generation of Children,"Gilliland, Haley Cohen",2025,Avid Reader Press / Simon & Schuster,New York,eng,978-1-6680-1714-2,,,"20th century; United States; Latin America; contemporary; 21st century; North America; birth and infancy; global and transnational; family and household; reproduction, pregnancy and childbirth; motherhood and maternity",August CSV,2026-06-05 11:35:25
RBS2TUYD,"A Most Quiet Murder: Maternity, Affliction, and Violence in Late Nineteenth-Century France","Wilson, Susannah",2025,Cornell University Press,Ithaca,eng,978-1-5017-8423-1 978-1-5017-8424-8,,,"Europe; 19th century; modern; France; medicine and health; age and childhood institutions; youth and adolescence; gender and sexuality; violence, abuse and neglect; motherhood and maternity",August CSV,2026-06-05 11:35:11
EAEMVRMR,All in the Family: Childhood and Fictive Kinship in Roman Society,"Gianni, Gaia",2025,University of Michigan Press,Ann Arbor,eng,978-0-472-13361-1,10.3998/mpub.12705608,,Europe; modern; Italy; ancient; empire and colonialism; labour and apprenticeship; law and rights; family and household; methods and field formation,August CSV,2026-06-05 11:35:12
LIBNCEIE,"Birth Politics: Colonial Power, Medical Pluralism, and Maternity in Nigeria","Williams, Ogechukwu E.",2025,Johns Hopkins University Press,Baltimore,eng,978-1-4214-5276-0,,,"Africa; religion; medicine and health; empire and colonialism; environment and place; global and transnational; media, literature and visual culture; reproduction, pregnancy and childbirth; motherhood and maternity",August CSV,2026-06-05 11:35:22
Q4ZQPJHU,Care and Agency: The Andean Community through the Eyes of Children,"Anderson, Jeanine; Leinaweaver, Jessaca B.",2025,Rutgers University Press,"New Brunswick, NJ",eng,978-1-9788-4076-8,10.36019/9781978840768,,Latin America; contemporary; religion; medicine and health; East Asia; empire and colonialism; Indigenous and settler colonial worlds; race and ethnicity; child welfare and social care; China and Taiwan; family and household,August CSV,2026-06-05 11:35:13
Y2P6BVPR,Child as Citizen: Agency and Activism in Children's Literature and Culture,"Fenech, Giuliana",2025,University Press of Mississippi,Jackson,eng,978-1-4968-5845-0,,,"disability; medicine and health; East Asia; age and childhood institutions; youth and adolescence; memory and oral history; law and rights; China and Taiwan; media, literature and visual culture; material culture and play; methods and field formation",August CSV,2026-06-05 11:35:13
YG4CLRBI,Childhood and the Irish: A Miscellany,"Luddy, Maria; Smith, James M.",2025,Wordwell,,eng,,,https://wordwellbooks.com/index.php?route=product/product&product_id=2194&search=Childhood,Britain and Ireland,August CSV,2026-06-05 11:33:46
P8D49LJV,"Children and Freedom in the Cape Colony: Age, Labour and Apprenticeship in the Post-Emancipation British Empire","Swartz, Rebecca",2025,Bloomsbury Academic,London,eng,978-1-350-34763-2,10.5040/9781350347632,,"19th century; modern; Africa; education and schooling; war, displacement and humanitarianism; age and childhood institutions; birth and infancy; Britain and Ireland; empire and colonialism; Indigenous and settler colonial worlds; labour and apprenticeship",August CSV,2026-06-05 11:35:13
2B5GCUFK,"Children's Health and Urban Ecology in England, 1885–1919","Harris, Jim",2025,Boydell & Brewer,"Rochester, NY",eng,978-1-64825-101-6,,https://openlibrary.org/books/OL60838223M/Children's_Health_and_Urban_Ecology_in_England_1885-1919,20th century; 19th century; modern; medicine and health; East Asia; education and schooling; birth and infancy; Britain and Ireland; China and Taiwan; family and household; motherhood and maternity,August CSV,2026-06-05 11:35:09
JLBQT7Y7,Dirty Kitchen: A Memoir of Food and Family,"Damatac, Jill",2025,One Signal Publishers/Atria,New York,eng,978-1-6680-8463-2,,,United States; contemporary; 21st century; religion; North America; medicine and health; Southeast Asia; education and schooling; Britain and Ireland; Indigenous and settler colonial worlds; family and household,August CSV,2026-06-05 11:35:13
N235HLSK,Dreams of a Young Republic: The American Vincentians in China,"Harney, John J.",2025,University of Nebraska Press,Lincoln,eng,978-1-4962-3774-3,,,United States; North America; East Asia; China and Taiwan,August CSV,2026-06-05 11:35:20
QSYN5XPS,"Emotions, Subjectivities, and Memories of the Hitler Youth Generation: Between Reality and Fantasy, 1945–2015","Sahrakorpi, Tiia",2025,Bloomsbury Academic,London,eng,978-1-350-54892-3,10.5040/9781350548923,,"20th century; Europe; contemporary; modern; 21st century; East Asia; war, displacement and humanitarianism; age and childhood institutions; China and Taiwan; Germany and Central Europe; media, literature and visual culture",August CSV,2026-06-05 11:35:16
TBFIXNBX,"Experiencing Childhood in Ancient Athens: Material Culture, Iconography, Burials, and Social Identity in the Ninth to Fourth Centuries BCE","Gooch, Emma",2025,Oxford University Press,Oxford,eng,978-0-19-894915-2,10.1093/9780198949152.001.0001,,ancient; material culture and play,August CSV,2026-06-05 11:35:12
PI3BD43I,From Kindertransport to Post-War Sweden: My Memories: Edited with an Introduction by Norbert Götz,"Widl, Lucie; Götz, Norbert",2025,Södertörns högskola,,eng,978-91-89615-50-2,,https://urn.kb.se/resolve?urn=urn:nbn:se:sh:diva-56177,20th century; Europe; contemporary; modern; Africa; 21st century; Britain and Ireland; child welfare and social care; family and household; Germany and Central Europe; Middle East and Islamic world,August CSV,2026-06-05 11:35:12
9MBUQHWV,Gifted Children in Britain and the World: Elitism and Equality since 1945,"Crane, Jennifer",2025,Oxford University Press,New York,eng,978-0-19-892885-0,,,20th century; Europe; contemporary; modern; France; education and schooling; Britain and Ireland; child welfare and social care; labour and apprenticeship; global and transnational; family and household,August CSV,2026-06-05 11:35:21
UZ88STIW,I Haven'T Even Told My Mother: Children as Victims of Sexual and Sexualised Violence in the Second World War and Its Aftermath,"Amesberger, Helga; Embacher, Helga; Steinert, Johannes-Dieter",2025,Edition Tandem,Salzburg Wien,eng,978-3-903516-14-4,,,"United States; contemporary; modern; 21st century; North America; war, displacement and humanitarianism; race and ethnicity; Eastern Europe; family and household; gender and sexuality; motherhood and maternity",August CSV,2026-06-05 11:35:14
GE2V3T37,"John Bowlby: Kindheit, Bindung und Experten im 20. Jahrhundert","Moisel, Claudia",2025,De Gruyter Oldenbourg,"München, Wien",ger,978-3-11-162369-6,,,"20th century; modern; war, displacement and humanitarianism; Britain and Ireland; global and transnational; gender and sexuality; methods and field formation",August CSV,2026-06-05 11:35:16
J3WSWRU3,Kinder Des Krieges: Aufwachsen Zwischen 1938 Und 1955,"Rapp, Christian; Stelzl-Marx, Barbara; Stolarski, Annett; der Geschichte, Museum Niederösterreich Haus",2025,Museum Niederösterreich ; Leykam Universitätsverlag,St. Pölten : Wien,ger,978-3-7011-0596-0,,,20th century; modern,August CSV,2026-06-05 11:35:15
ARZ5RVW2,"Lesbian Intimacies and Family Life: Desire, Domesticity and Kinship in Britain and Australia, 1945–2000","Jennings, Rebecca",2025,Bloomsbury Academic,London New York Oxford New Delhi Sydney,eng,978-1-350-35890-4,,,"20th century; contemporary; modern; medicine and health; Britain and Ireland; Australia, New Zealand and Pacific; adoption and child circulation; global and transnational; family and household; reproduction, pregnancy and childbirth; motherhood and maternity",August CSV,2026-06-05 11:35:24
XUWXHQW4,Making Babies in Early Modern England,"Astbury, Leah",2025,Cambridge University Press,Cambridge,eng,978-1-009-60284-6 978-1-009-60286-0,10.1017/9781009602846,,"modern; early modern; medicine and health; birth and infancy; Britain and Ireland; family and household; gender and sexuality; media, literature and visual culture",August CSV,2026-06-05 11:33:45
NM4SE5TW,"Negotiating Childlessness in the Middle Ages: Stories of Desired, Refused, and Regretted Parenthood","Toepfer, Regina; Sotejeff-Wilson, Kate",2025,Arc Humanities Press,Amsterdam,eng,978-1-80270-244-6 978-1-80270-312-2,,,,August CSV,2026-07-01 19:38:36
BXHCR62E,"Now We Are Here: Family Migration, Children's Education, and Dreams for a Better Life","Oliveira, Gabrielle",2025,Stanford University Press,"Stanford, California",eng,978-1-5036-4455-7,,,"United States; Latin America; contemporary; 21st century; North America; medicine and health; education and schooling; war, displacement and humanitarianism; law and rights; global and transnational; family and household",August CSV,2026-06-05 11:35:23
BRBR442V,Places of Influence: The Lasting Imprint of Where We Grow Up,"Lecoursonnais, Maël",2025,Linköping University Electronic Press,,eng,978-91-8118-050-3,10.3384/9789181180510,https://urn.kb.se/resolve?urn=urn:nbn:se:liu:diva-211860,20th century; contemporary; modern; education and schooling; age and childhood institutions; youth and adolescence; environment and place; family and household; gender and sexuality,August CSV,2026-06-05 11:35:12
NH2GAUSK,"Playthings and Playtimes: Play, Affect and Material Culture in the Ludic World","Field, Hannah; Giddings, Seth; Highmore, Ben",2025,UCL Press,London,eng,978-1-80008-960-0,10.14324/111.9781800089624,,"Latin America; contemporary; modern; 21st century; medicine and health; age and childhood institutions; Britain and Ireland; labour and apprenticeship; environment and place; media, literature and visual culture; material culture and play",August CSV,2026-06-05 11:35:12
TVQ7ZWHU,Pregnant Women’s Sexuality in Early Modern England,"Donaghy, Paige",2025,Springer,Cham,eng,978-3-032-05651-1 978-3-032-05652-8,10.1007/978-3-032-05652-8,,"modern; early modern; Britain and Ireland; gender and sexuality; reproduction, pregnancy and childbirth; motherhood and maternity",August CSV,2026-06-05 11:35:11
9CLFGYEK,Radical Children's Film and Television,,2025,Edinburgh University Press,Edinburgh,eng,978-1-3995-3605-9,,https://openlibrary.org/books/OL57595643M/Radical_Children's_Film_and_Television,"media, literature and visual culture",August CSV,2026-06-05 11:33:46
QEEP8I8U,Raising the Tudors: Motherhood in Sixteenth-Century England,"Kline, Stephanie",2025,Pen and Sword History,Barnsley ;,eng,978-1-3990-3937-6,,,"Europe; Italy; religion; early modern; medicine and health; birth and infancy; Britain and Ireland; law and rights; family and household; reproduction, pregnancy and childbirth; motherhood and maternity",August CSV,2026-06-05 11:35:13
NNLK456X,"Reproductive Pressure and Royal Couples: Medieval England and Scotland, Ca. 1200–1400","Trivett, Emma",2025,Arc Humanities Press,Leeds,eng,978-1-80270-212-5 978-1-80270-430-3,,https://openlibrary.org/books/OL60947382M/Reproductive_Pressure_and_Royal_Couples,"medieval; Britain and Ireland; reproduction, pregnancy and childbirth",August CSV,2026-06-05 11:35:09
M839EF6K,"Republic of Dreams: Ordinary People, Extraordinary Struggles, and the Future of Iraqi Kurdistan","Watts, Nicole F.",2025,New York University Press,New York,eng,978-1-4798-2307-9,,,"war, displacement and humanitarianism; labour and apprenticeship; violence, abuse and neglect",August CSV,2026-06-05 11:35:13
QBMQAGHQ,"Science as Child's Play in Seventeenth-Century England: Innocence, Experience, Experiment","Swann, Elizabeth L.",2025,Palgrave Macmillan,Cham,eng,978-3-031-75848-5,10.1007/978-3-031-75849-2,,modern; early modern; medicine and health; education and schooling; age and childhood institutions; Britain and Ireland; empire and colonialism; Indigenous and settler colonial worlds; race and ethnicity; labour and apprenticeship; gender and sexuality,August CSV,2026-06-05 11:35:15
MHP4PGH6,Seeking Home: A World War II Refugee Childhood in War-Torn China,"Richter, Eva",2025,Bloomsbury Academic,New York,eng,979-8-8818-0440-4,,,"20th century; Europe; modern; Japan; East Asia; war, displacement and humanitarianism; Britain and Ireland; empire and colonialism; China and Taiwan; family and household; Germany and Central Europe",August CSV,2026-06-05 11:35:14
PVWY42NA,"Sexuality, Family Planning, and Reproduction: Historical Dimensions in Central and Eastern Europe from 1600 until Today","Dross, Fritz",2025,transcript Verlag transcript [Imprint],Erscheinungsort nicht ermittelbar,und,978-3-8376-7083-7 978-3-8394-7083-1,,,,August CSV,2026-06-10 01:54:29
BCB444CI,"Single Mothers in Twentieth-Century Ireland and Britain: Pregnancy, Migration and Institutionalization","Grimes, Lorraine",2025,Bloomsbury Academic,London,eng,978-1-350-51517-8 978-1-350-51518-5,,,"modern; war, displacement and humanitarianism; Britain and Ireland; child welfare and social care; family and household; reproduction, pregnancy and childbirth; motherhood and maternity",August CSV,2026-06-05 11:35:21
YM7V7V5V,"So Many Stars: An Oral History of Trans, Nonbinary, Genderqueer, and Two-Spirit People of Color","De Robertis, Caro",2025,"Algonquin Books of Chapel Hill/Little, Brown and Company","New York, NY",eng,978-1-64375-687-5,,,"United States; North America; East Asia; age and childhood institutions; memory and oral history; environment and place; China and Taiwan; family and household; gender and sexuality; media, literature and visual culture; methods and field formation",August CSV,2026-06-05 11:35:13
RHLPUHEV,The American Child: The Transformation of Childhood since World War II,"Mintz, Steven; Stearns, Peter N.",2025,Oxford University Press,New York,eng,978-0-19-779708-2,10.1093/9780197797112.001.0001,,"United States; modern; North America; war, displacement and humanitarianism; age and childhood institutions; law and rights; family and household; media, literature and visual culture; material culture and play",August CSV,2026-06-05 11:35:16
J8KHQE24,The Biopolitics of Childhood in the Long American 19th Century,"Hodgson, Lucia; Giffen, Allison",2025,Routledge,,eng,978-1-003-43506-8,10.4324/9781003435068,https://urn.kb.se/resolve?urn=urn:nbn:se:uu:diva-570640,"United States; modern; North America; age and childhood institutions; race and ethnicity; youth and adolescence; labour and apprenticeship; methods and field formation; violence, abuse and neglect",August CSV,2026-06-05 11:35:12
AS6IRCG7,The Cinematic Enfant Terrible: Rule Breaking Children and Teenagers in French Cinema,"Westling, Karolina",2025,Bloomsbury Academic,New York,eng,979-8-7651-0544-3,,,"20th century; Europe; modern; France; 21st century; education and schooling; war, displacement and humanitarianism; age and childhood institutions; juvenile justice; law and rights; family and household",August CSV,2026-06-05 11:35:15
QS77S8DI,The Dying Child: The Death and Personhood of Children in Ancient Israel,"Garroway, Kristine Henriksen",2025,Oxford University Press,"New York, NY",eng,978-0-19-756671-8,,,"ancient; violence, abuse and neglect",August CSV,2026-06-05 11:35:14
XWLTR3YB,The Haunted Wood: A History of Childhood Reading,"Leith, Sam",2025,Oneworld,London,eng,978-1-83643-040-7,,,"ancient; youth and adolescence; memory and oral history; media, literature and visual culture; methods and field formation",August CSV,2026-06-05 11:35:12
IGDXVJ44,The Innocents of Florence: The Renaissance Discovery of Childhood,"Luzzi, Joseph",2025,W. W. Norton,New York,eng,978-1-324-06579-1,,https://openlibrary.org/books/OL60897785M/Innocents_of_Florence,"Europe; modern; early modern; medicine and health; education and schooling; war, displacement and humanitarianism; age and childhood institutions; child welfare and social care; labour and apprenticeship; law and rights; adoption and child circulation",August CSV,2026-06-05 11:33:46
ECCQ5779,"The Not-Quite Child: Colonial Histories, Racialization, and Swedish Exceptionalism","Roos, Liina-Ly; Nestingen, Andrew",2025,University of Washington Press,Seattle,eng,978-0-295-75383-6,,,"20th century; contemporary; East Asia; age and childhood institutions; empire and colonialism; race and ethnicity; environment and place; global and transnational; China and Taiwan; media, literature and visual culture",August CSV,2026-06-05 11:35:13
NF2S68C7,"The Visual Culture of East German Picturebooks 1945–1990: Architecture, Traffic, and Design of Childhood","Meibauer, Jörg",2025,De Gruyter,Berlin,eng,978-3-11-163707-5,,,"20th century; Europe; contemporary; war, displacement and humanitarianism; youth and adolescence; Eastern Europe; Germany and Central Europe; media, literature and visual culture; material culture and play",August CSV,2026-06-05 11:35:15
N2HEX64C,Traditional Chinese Children's Primers: A Sourcebook,,2025,Lever Press,Ann Arbor,eng,978-1-64315-091-8,,https://openlibrary.org/books/OL60824237M/Traditional_Chinese_Children's_Primers,"Europe; modern; East Asia; education and schooling; age and childhood institutions; global and transnational; China and Taiwan; family and household; media, literature and visual culture; material culture and play; methods and field formation",August CSV,2026-06-05 11:33:46
QM7XN6GZ,Unlocking the Treasury: Elementary Learning for Boys in Qing China,"Ngo, Katherine",2025,Lever Press,"Ann Arbor, Michigan",eng,978-1-64315-074-1,,https://openlibrary.org/books/OL57536004M/Unlocking_the_Treasury,"contemporary; modern; East Asia; education and schooling; Britain and Ireland; China and Taiwan; gender and sexuality; media, literature and visual culture; material culture and play; methods and field formation",August CSV,2026-06-05 11:33:46
BJW2UVWB,What We Mourn: Child Death and the Politics of Grief in Nineteenth-Century Britain,"Murdoch, Lydia",2025,University of Virginia Press,Charlottesville,eng,978-0-8139-5381-6,,,"19th century; modern; age and childhood institutions; Britain and Ireland; empire and colonialism; youth and adolescence; child welfare and social care; law and rights; family and household; media, literature and visual culture; violence, abuse and neglect",August CSV,2026-06-05 11:35:14
M3R69PDA,晚清新式蒙学教材研究：从传统蒙学到现代教育,张心科,2025,华东师范大学出版社有限公司,,zh-CN,978-7-5760-5532-0,,https://book.cppinfo.cn/Encyclopedias/home/index?id=4862131,,August CSV,2026-06-17 01:56:56
BLYYQVAP,Histories of Children and Childhood in Meiji Japan,,2024,Routledge,London ; New York,,978-0-367-65133-6 978-0-367-65147-3,,,"Europe; modern; Japan; medicine and health; East Asia; education and schooling; age and childhood institutions; law and rights; media, literature and visual culture; material culture and play; motherhood and maternity",August CSV,2026-06-05 11:35:27
PDWH4KFE,"La historia de Billiken: Cultura infantil y ciudadanía en la Argentina, 1919–2019","Rea, Lauren",2024,SUDAMERICANA,,spa,978-950-07-7058-3,,,"20th century; Latin America; modern; 21st century; education and schooling; birth and infancy; media, literature and visual culture",August CSV,2026-06-05 11:35:25
GJLHSXFX,"Nous sommes venus en France: voix de jeunes Algériens, 1945–1963","Gardet, Mathias",2024,Anamosa,Paris,,978-2-38191-097-0,,,20th century; Europe; contemporary; France,August CSV,2026-06-05 11:35:30
ZDPR257U,Playhouses and Privilege: The Architecture of Elite Childhood,"Van Slyck, Abigail Ayres",2024,University of Minnesota Press,Minneapolis,eng,978-1-4529-7187-2,,,"20th century; United States; 19th century; modern; North America; education and schooling; Britain and Ireland; memory and oral history; family and household; reproduction, pregnancy and childbirth; material culture and play",August CSV,2026-06-05 11:35:21
T6CGEG99,"Protestant Missionary Children's Lives, c. 1870–1950: Empire, Religion and Emotion","Morrison, Hugh Douglas",2024,Manchester University Press,Manchester,eng,978-1-5261-5679-2,,,"20th century; 19th century; modern; religion; empire and colonialism; memory and oral history; global and transnational; family and household; media, literature and visual culture; methods and field formation",August CSV,2026-06-05 11:35:16
QSPP2C5U,The Bloomsbury Handbook of Theories in Childhood Studies,,2024,Bloomsbury Academic,London ; New York,eng,978-1-350-26384-0,,,methods and field formation,August CSV,2026-06-05 11:35:20
KYEWKVH8,The Edinburgh History of Children's Periodicals,"Moruzi, Kristine; Rodgers, Beth; Smith, Michelle J.; Rodgers, Beth; Moruzi, Kristine; Smith, Michelle J.",2024,Edinburgh University Press,Edinburgh,eng,978-1-3995-0665-6,10.1515/9781399506663,,"18th century; early modern; South Asia; age and childhood institutions; Britain and Ireland; race and ethnicity; youth and adolescence; Australia, New Zealand and Pacific; gender and sexuality; media, literature and visual culture",August CSV,2026-06-05 11:35:16
UBK63MZ8,Ways of Belonging: Undocumented Youth in the Shadow of Illegality,"Meloni, Francesca",2024,Rutgers University Press,"New Brunswick, New Jersey",eng,978-1-9788-3550-4 978-1-9788-3549-8,,,"Europe; France; Canada; North America; education and schooling; age and childhood institutions; memory and oral history; juvenile justice; labour and apprenticeship; law and rights; media, literature and visual culture",August CSV,2026-06-05 11:35:19
UJ7CRY73,上海儿童日常生活中的历史,刘媛,2024,上海大学出版社,,zho,978-7-5671-4879-6,,https://book.douban.com/subject/36830843/,20th century; modern; East Asia; China and Taiwan,August CSV,2026-06-05 11:35:26
L99XDMGD,敦煌壁画中的儿童生活,杨秀清,2024,未来出版社,,zho,978-7-5417-7562-8,,https://book.douban.com/subject/36947788/,East Asia; China and Taiwan,August CSV,2026-06-05 11:35:27
XYNMJHAJ,A Jewish Childhood in the Muslim Mediterranean: A Collection of Stories Curated by Leïla Sebbar,"Brozgal, Lia; Allouche, Jean-Luc; Azoulay, André; Bahloul, Joëlle; Behmoaras, Lizi; Bensoussan, Albert; Bouganim, Ami; Boukhobza, Chochana; Brozgal, Lia; Bénabou, Marcel; Chemla, Patrick; Cherki, Alice; Cohen, Rita Rachel; Cohen-Massouda, Mireille; Dadoun, Roger; Elia, Lucien; Farhi, Moris; Glasberg, Rebecca; Goldmann, Annie; Haddad, Hubert; Heller-Goldenberg, Lucette; Kummer, Ida; Margulies, Ronnie; Meller-Saïd, Line; Mesguich, Daniel; Moati, Nine; Naouri, Aldo; Nathan, Tobie; Pinhas-Delpuech, Rosy; Rosenman, Dayan; Sebbar, Leïla; Serfaty, Nicole S.; Sibony, Daniel; Sitbon, Guy; Stora, Benjamin; Toledano, Ralph; Toubiana, Dany; Turquier, Yves",2023,University of California Press,"Berkeley, CA",eng,978-0-520-39340-0,10.1525/9780520393400,,Europe; United States; contemporary; modern; France; Africa; 21st century; religion; North America; age and childhood institutions; Middle East and Islamic world,August CSV,2026-06-05 11:35:17
YXZ7GJPH,"Caribbean Children's Literature. Volume 1: History, Pedagogy, and Publishing",,2023,University Press of Mississippi,Jackson,eng,978-1-4968-4456-9,,,"20th century; Latin America; contemporary; age and childhood institutions; empire and colonialism; youth and adolescence; memory and oral history; law and rights; global and transnational; media, literature and visual culture; material culture and play",August CSV,2026-06-05 11:35:16
XZF8VJ93,Childhood and Youth in India: Engagements with Modernity,"Dar, Anandini; Kannan, Divya",2023,Palgrave Macmillan,"Cham, Switzerland",eng,978-3-031-31820-7,10.1007/978-3-031-31820-7,,contemporary; modern; disability; medicine and health; South Asia; education and schooling; age and childhood institutions; youth and adolescence; labour and apprenticeship; methods and field formation,August CSV,2026-06-05 11:35:16
ENRAVHKE,Children's Culture and Citizenship in Argentina: A History of Billiken Magazine (1919–2019),"Rea, Lauren",2023,White Rose University Press,New York,eng,978-1-912482-51-1,,,"20th century; Latin America; modern; 21st century; education and schooling; law and rights; global and transnational; media, literature and visual culture",August CSV,2026-06-05 11:35:18
IDZCNKLL,Confronting the Racist Legacy of the American Child Welfare System: The Case for Abolition,"Dettlaff, Alan J.",2023,Oxford University Press,"New York, NY",eng,978-0-19-767526-7,,,"United States; modern; North America; empire and colonialism; Indigenous and settler colonial worlds; race and ethnicity; child welfare and social care; labour and apprenticeship; family and household; violence, abuse and neglect",August CSV,2026-06-05 11:35:19
ZR5Q3ASB,Into the Jungle: A Boy's Comic Strip History of World War II,"Kugler, Michael; Kugler, Jimmy; Kugler, Michael",2023,University Press of Mississippi,Jackson,eng,978-1-4968-4282-4,,,"20th century; United States; modern; North America; education and schooling; war, displacement and humanitarianism; age and childhood institutions; Australia, New Zealand and Pacific; family and household; gender and sexuality; fatherhood and paternity",August CSV,2026-06-05 11:35:17
TI9X7XWY,Precarious Childhood in Post-Independence Ireland,"Maguire, Moira",2023,Manchester University Press,Manchester,eng,978-1-84779-325-6,10.7765/9781847793256,,"modern; religion; medicine and health; Britain and Ireland; labour and apprenticeship; family and household; media, literature and visual culture; methods and field formation; violence, abuse and neglect",August CSV,2026-06-05 11:35:15
FHWHHRD2,Representing Aboriginal Childhood: The Politics of Memory and Forgetting in Australia,"Faulkner, Joanne",2023,Routledge,"Abingdon, Oxon ;",eng,978-1-003-09966-6,10.4324/9781003099666,,"medicine and health; empire and colonialism; Indigenous and settler colonial worlds; race and ethnicity; Australia, New Zealand and Pacific; memory and oral history; environment and place; media, literature and visual culture; methods and field formation; violence, abuse and neglect",August CSV,2026-06-05 11:35:17
J73BWGRJ,School Clothes: A Collective Memoir of Black Student Witness,"Givens, Jarvis R.",2023,Beacon Press,New York,eng,978-0-8070-5481-9,,,"United States; modern; Africa; North America; East Asia; education and schooling; war, displacement and humanitarianism; age and childhood institutions; child welfare and social care; labour and apprenticeship; China and Taiwan",August CSV,2026-06-05 11:35:19
QGE3MVRW,Sesame Street: A Transnational History,"Jensen, Helle Strandgaard",2023,Oxford University Press,New York,eng,978-0-19-755415-9,10.1093/oso/9780197554159.001.0001,,"20th century; United States; contemporary; North America; education and schooling; global and transnational; family and household; media, literature and visual culture; methods and field formation",August CSV,2026-06-05 11:35:17
F8NB5TKG,Wombs of Empire,"Lee, Sujin",2023,Stanford University Press,,eng,978-1-5036-3700-9,,https://www.sup.org/books/asian-studies/wombs-empire,"contemporary; Japan; medicine and health; East Asia; empire and colonialism; reproduction, pregnancy and childbirth; material culture and play; motherhood and maternity",August CSV,2026-06-05 11:35:19
7Y8SI5TC,Children of communism: politicizing youth revolt in communist Budapest in the 1960s,"Horváth, Sándor; Cooper, Thomas",2022,Indiana University Press,"Bloomington, Indiana",eng,978-0-253-05973-4 978-0-253-05972-7,,,"20th century; Europe; contemporary; modern; war, displacement and humanitarianism; age and childhood institutions; Eastern Europe; memory and oral history; juvenile justice; labour and apprenticeship; law and rights",August CSV,2026-06-05 11:35:33
SW69JT3P,Enfance volée: le travail des enfants en France au XIXe siècle,"Gueslin, André",2022,L'Harmattan,Paris,,978-2-14-030279-4,,,Europe; France,August CSV,2026-06-05 11:35:29
SHTI8ASF,"Jiten, Taiheiyō Sensō to kodomotachi",,2022,Yoshikawa Kōbunkan,Tōkyō,,978-4-642-08414-7,,,,August CSV,2026-06-05 11:35:28
SJ3AJ46V,利益囡仔：臺灣基督長老教會的兒童教育與家庭教養（1865–1936）,"黃, 子寧",2022,稻鄉,,zho,,,https://www.sanmin.com.tw/product/index/010661963,20th century; 19th century; modern; East Asia; China and Taiwan,August CSV,2026-06-05 11:35:27
5ZVMYGST,螽斯振振：生育视域下的古代医学,黄天骄,2022,中国科学技术出版社,,zho,978-7-5046-9828-5,,https://book.douban.com/subject/36207803/,East Asia; China and Taiwan,August CSV,2026-06-05 11:35:27
RGKTXFNI,Children Forsaken: Child Abuse from Ancient to Modern Times,"Walker, Steven",2021,Routledge,St Albans,eng,978-1-913453-81-7,10.4324/9781041054498,,20th century; Europe; contemporary; modern; Italy; religion; ancient; medicine and health; labour and apprenticeship; law and rights; gender and sexuality,August CSV,2026-06-05 11:35:16
9SIME67V,Deconstructing Dolls: Girlhoods and the Meanings of Play,,2021,Berghahn Books,"New York, N.Y",eng,978-1-80073-102-8 978-1-80073-103-5,,,contemporary; modern; age and childhood institutions; youth and adolescence; gender and sexuality; material culture and play,August CSV,2026-06-05 11:35:20
9ELDQLG8,"Familias e infancias en la historia contemporánea: jerarquías de clase, género y edad en Argentina",,2021,Eduvim,"Villa María, Córdoba, Argentina",,978-987-699-660-0,,,Latin America,August CSV,2026-06-05 11:35:30
U3WZGPU4,História social da infância no Brasil,,2021,Cortez Editora,,por,978-85-249-2472-9,,,,August CSV,2026-06-05 11:35:31
VDQQ4MU2,Okinawa-sen no kodomotachi,"Kawamitsu, Akira",2021,Yoshikawa Kōbunkan,Tōkyō,,978-4-642-05926-8,,,Japan; East Asia,August CSV,2026-06-05 11:35:27
MIQZKCBH,"Razing Kids: Youth, Environment, and the Postwar American West","Sanders, Jeffrey C.",2021,Cambridge University Press,"Cambridge, United Kingdom ; New York, NY",eng,978-1-107-11058-8 978-1-107-52754-6,,,"United States; modern; North America; war, displacement and humanitarianism; age and childhood institutions; race and ethnicity; youth and adolescence; labour and apprenticeship; law and rights; material culture and play; motherhood and maternity",August CSV,2026-06-05 11:35:21
E2DQ282N,Reproductive politics and the making of modern India,"Sreenivas, Mytheli",2021,University of Washington Press,Seattle,,978-0-295-74885-6,,,"modern; South Asia; war, displacement and humanitarianism; age and childhood institutions; empire and colonialism; law and rights; global and transnational; family and household; gender and sexuality; media, literature and visual culture; reproduction, pregnancy and childbirth",August CSV,2026-06-05 11:35:31
F9RS5GE3,"The Maternalists: Psychoanalysis, Motherhood, and the British Welfare State","Bar-Haim, Shaul",2021,University of Pennsylvania Press,Philadelphia (Pa.),eng,978-0-8122-5315-3,,,"modern; medicine and health; Britain and Ireland; child welfare and social care; family and household; media, literature and visual culture; motherhood and maternity",August CSV,2026-06-05 11:35:24
244668NG,Vicious Infants: Dangerous Childhoods in Antebellum U.s. Literature,"Soderberg, Laura",2021,University of Massachusetts Press,Amherst,eng,978-1-62534-588-2,,https://openlibrary.org/books/OL34696800M/Vicious_Infants,"United States; modern; North America; medicine and health; education and schooling; age and childhood institutions; birth and infancy; juvenile justice; law and rights; family and household; reproduction, pregnancy and childbirth",August CSV,2026-06-05 11:35:09
CVE55F7L,"Writing Maternity: Medicine, Anxiety, Rhetoric, and Genre","Regaignon, Dara Rossman",2021,Ohio State University Press,Columbus,eng,978-0-8142-1469-5,,https://openlibrary.org/books/OL34760634M/Writing_Maternity,"modern; medicine and health; Britain and Ireland; media, literature and visual culture; methods and field formation; motherhood and maternity",August CSV,2026-06-05 11:35:10
TBAP82FD,妻と娘の唐宋時代,大澤正昭,2021,東方書店,,zho,978-4-497-22110-0,,https://book.douban.com/subject/35510683/,East Asia; China and Taiwan,August CSV,2026-06-05 11:35:28
XMUCQ9M3,民国时期儿童期刊汇编,朱自强; 王志庚,2021,国家图书馆出版社,,zho,978-7-5013-6922-5,,https://book.douban.com/subject/35039500/,East Asia; China and Taiwan,August CSV,2026-06-05 11:35:26
F6Q79T87,"La parole est aux accusés: histoires d'une jeunesse sous surveillance, 1950–1960","Blanchard, Véronique; Gardet, Mathias",2020,Textuel,Paris,fre,978-2-84597-837-9,,,20th century; contemporary; age and childhood institutions; youth and adolescence; memory and oral history; juvenile justice; law and rights; methods and field formation,August CSV,2026-06-05 11:35:29
9BP6YIBK,Reading Transatlantic Girlhood in the Long Nineteenth Century,,2020,Routledge,New York,eng,978-0-367-27496-2,,,"modern; age and childhood institutions; youth and adolescence; gender and sexuality; media, literature and visual culture",August CSV,2026-06-05 11:35:18
urn:isbn:978-3-030-50431-1%20978-3-030-50429-8,Romanticism and the Cultures of Infancy,"Veliki, Martina Domines; Duffy, Cian",2020,,,,,,,,September RDF only,
376X86LD,Sensō kojitachi no sengoshi,,2020,Yoshikawa kōbunkan,Tōkyō-to Bunkyō-ku,,978-4-642-06857-4 978-4-642-06858-1 978-4-642-06859-8,,,,August CSV,2026-06-05 11:35:27
XLCHFREU,The Seduction of Youth: Print Culture and Homosexual Rights in the Weimar Republic,"Vendrell, Samper",2020,University of Toronto Press,Toronto ; Buffalo ; London,eng,978-1-4875-0734-3,,,"Europe; age and childhood institutions; youth and adolescence; law and rights; Germany and Central Europe; gender and sexuality; media, literature and visual culture",August CSV,2026-06-05 11:35:20
FZFTFSGX,儿童史学论,高振宇,2020,山东教育出版社,,zho,978-7-5328-9789-6,,https://book.douban.com/subject/34451433/,East Asia; China and Taiwan,August CSV,2026-06-05 11:35:26
FLHKBFWW,插图秦汉儿童史,"王, 子今",2020,未来出版社,,zho,978-7-5417-6897-2,,https://book.douban.com/subject/34971540/,East Asia; China and Taiwan,August CSV,2026-06-05 11:35:26
AHX6VG64,Infancia y juventud en Colombia: aproximación historiográfica,"Jiménez Becerra, Absalón; Reina, Carlos Arturo",2019,Universidad Distrital Francisco José de Caldas,Bogotá,,978-958-787-107-4,,,Latin America,August CSV,2026-06-05 11:35:31
ARPDR7TJ,The Managed Body: Developing Girls and Menstrual Health in the Global South,"Bobel, Chris",2019,Springer International Publishing,Cham,eng,978-3-319-89413-3 978-3-319-89414-0,10.1007/978-3-319-89414-0,,medicine and health; global and transnational; gender and sexuality,August CSV,2026-06-05 11:35:23
SQXCNCTC,Ages of Anxiety: Historical and Transnational Perspectives on Juvenile Justice,,2018,New York University Press,New York,eng,978-1-4798-3321-4,,https://openlibrary.org/books/OL27346952M/Ages_of_Anxiety,juvenile justice; law and rights; global and transnational; methods and field formation,August CSV,2026-06-05 11:35:11
MVQN3HBN,Babies Made Us Modern: How Infants Brought America into the Twentieth Century,"Golden, Janet",2018,Cambridge University Press,Cambridge,eng,978-1-108-22730-8,10.1017/9781108227308,,modern; birth and infancy,August CSV,2026-06-05 11:35:09
DR3TJDMQ,La historia de las infancias en América Latina,,2018,"Instituto de Geografía, Historia y Ciencias Sociales (IGEHCS), Universidad Nacional del Centro/CONICET",Tandil [Argentina],spa; eng; por,,,,,August CSV,2026-06-05 11:35:30
AW7UM4JL,You yi yu you meng: jin shi zhong guo she hui de mian yan zhi dao = Paediatrics and early education: a history of reproductive strategies of Chinese society,"Hsiung, Ping-chen",2018,聯經出版公司,Xin bei shi,zho,978-957-08-5174-8,,,"East Asia; education and schooling; China and Taiwan; reproduction, pregnancy and childbirth",August CSV,2026-06-05 11:35:26
KH7CY9J7,母乳與牛奶：近代中國母親角色的重塑（1895－1937）,盧淑櫻,2018,中華書局(香港)有限公司,,zho,978-988-8512-09-6,,https://book.douban.com/subject/30216262/,20th century; 19th century; modern; East Asia; China and Taiwan,August CSV,2026-06-05 11:35:27
BDBY88QS,秦汉儿童的世界,王子今,2018,中华书局,,zho,978-7-101-13077-5,,https://book.douban.com/subject/30254900/,East Asia; China and Taiwan,August CSV,2026-06-05 11:35:27
Q54Z4UQ3,"Baby Trouble in the Last Best West: Making New People in Alberta, 1905–1939","Kaler, Amy",2017,University of Toronto Press,Toronto ; Buffalo ; London,eng,978-1-4426-1394-2,,,"20th century; modern; Canada; North America; medicine and health; birth and infancy; Indigenous and settler colonial worlds; child welfare and social care; family and household; reproduction, pregnancy and childbirth; motherhood and maternity",August CSV,2026-06-05 11:35:18
4H7HWVCR,"Displaced Children in Russia and Eastern Europe, 1915–1953: Ideologies, Identities, Experiences",,2017,Brill,Leiden ; Boston,,978-90-04-17530-3,,,"20th century; Europe; modern; war, displacement and humanitarianism; race and ethnicity; child welfare and social care; Eastern Europe; law and rights; adoption and child circulation; environment and place; global and transnational",August CSV,2026-06-05 11:35:32
3HYDBC8B,Figuring Korean Futures: Children’s Literature in Modern Korea,"Zur, Dafna",2017,Stanford University Press,"Stanford, California",eng,978-1-5036-0168-0,,,"20th century; modern; East Asia; Korea; education and schooling; empire and colonialism; memory and oral history; environment and place; family and household; media, literature and visual culture",August CSV,2026-06-05 11:35:28
8VDTGCYP,Get Out of My Room!: A History of Teen Bedrooms in America,"Reid, Jason",2017,University of Chicago Press,"Chicago, IL",eng,978-0-226-40921-4,,https://press.uchicago.edu/ucp/books/book/chicago/G/bo24731934.html,"United States; modern; North America; education and schooling; war, displacement and humanitarianism; age and childhood institutions; youth and adolescence; memory and oral history; environment and place; family and household; material culture and play",August CSV,2026-06-05 11:35:22
L2AD2P2U,"Grease: Gender, Nostalgia and Youth Consumption in the Blockbuster Era","Brickman, Barbara Jane",2017,Routledge,London,eng,978-1-134-82581-3,,https://openlibrary.org/books/OL34734645M/Grease,"age and childhood institutions; youth and adolescence; memory and oral history; gender and sexuality; media, literature and visual culture; material culture and play; violence, abuse and neglect",August CSV,2026-06-05 11:35:10
8B8SAV6Q,Kindheitsgeschichte: eine Einführung,"Winkler, Martina",2017,Vandenhoeck & Ruprecht,Göttingen,ger,978-3-525-30106-7,,,,August CSV,2026-06-05 11:35:29
8FHNZYRI,Mauvaise graine: deux siècles d'histoire de la justice des enfants,"Blanchard, Véronique; Gardet, Mathias; Yvorel, Jean-Jacques",2017,Textuel,Paris,fre,978-2-84597-592-7,,,juvenile justice; law and rights,August CSV,2026-06-05 11:35:29
P53GS4PC,"The Evolution of the Juvenile Court: Race, Politics, and the Criminalizing of Juvenile Justice","Feld, Barry C.",2017,New York University Press,New York,eng,978-1-4798-9569-4,,https://openlibrary.org/books/OL27399296M/The_Evolution_of_the_Juvenile_Court,race and ethnicity; juvenile justice; law and rights,August CSV,2026-06-05 11:35:09
2N3298AL,"Coming of age: Constructing and Controlling Youth in Munich, 1942–1973","Kalb, Martin",2016,Berghahn Books,New York,,978-1-78533-153-4,,,20th century; Europe; modern; East Asia; age and childhood institutions; youth and adolescence; China and Taiwan; Germany and Central Europe,August CSV,2026-06-05 11:35:29
YVGWIAC8,Jian gou nan yang er tong: zhan hou xin ma hua yu er tong kan wu wen hua yan jiu,,2016,,Xin jia po,zho,978-981-314-792-8,,,20th century; contemporary; Southeast Asia,August CSV,2026-06-05 11:35:32
MZQTT5IL,"Kinder des Zweiten Weltkrieges: Stigmatisierung, Ausgrenzung, Bewältigungsstrategien",,2016,Campus Verlag,Frankfurt,,978-3-593-50569-5,,,,August CSV,2026-06-05 11:35:29
9FC3CE6F,"Motherhood, Religion, and Society in Medieval Europe, 400–1400: Essays Presented to Henrietta Leyser",,2016,Routledge,London,eng,978-1-317-09396-1,,,Europe; Italy; Africa; religion; ancient; medieval; education and schooling; birth and infancy; child welfare and social care; family and household; motherhood and maternity,August CSV,2026-06-05 11:35:24
HEJL2VM6,"Progressive Mothers, Better Babies: Race, Public Health, and the State in Brazil, 1850–1945","Otovo, Okezi T.",2016,University of Texas Press,Austin,eng,978-1-4773-0883-7,,https://openlibrary.org/books/OL28803864M/Progressive_Mothers_Better_Babies,20th century; Latin America; 19th century; modern; medicine and health; birth and infancy; race and ethnicity; family and household; motherhood and maternity,August CSV,2026-06-05 11:35:10
3R3C6PQM,SickKids: The History of the Hospital for Sick Children,"Wright, David; Children, Hospital for Sick",2016,University of Toronto Press,Toronto ; Buffalo ; London,eng,978-1-4426-4723-7,,,20th century; contemporary; modern; Canada; North America; medicine and health; birth and infancy; Britain and Ireland; child welfare and social care; global and transnational; family and household,August CSV,2026-06-05 11:35:18
XP7TSUNN,Besatzungskinder: die Nachkommen alliierter Soldaten in Österreich und Deutschland,,2015,Böhlau Verlag,Wien,,978-3-205-79657-2,,,,August CSV,2026-06-05 11:35:29
R5TSRKH4,Canada's residential schools: the final report of the Truth and Reconciliation Commission of Canada,,2015,McGill-Queen's University Press,Montreal,,978-0-7735-4650-9 978-0-7735-4649-3 978-0-7735-4652-3 978-0-7735-4654-7 978-0-7735-4653-0 978-0-7735-4656-1 978-0-7735-4655-4 978-0-7735-4658-5 978-0-7735-4657-8 978-0-7735-4660-8 978-0-7735-4659-2 978-0-7735-4662-2 978-0-7735-4661-5,,,"Canada; religion; North America; education and schooling; war, displacement and humanitarianism",August CSV,2026-06-05 11:35:35
JXNPXTPM,"Changing Childhoods in the Cape Colony: Dutch Reformed Church Evangelicalism and Colonial Childhood, 1860–1895","Duff, Sarah Emily",2015,Palgrave Macmillan,"Houndmills, Basingstoke, Hampshire New York, NY",eng,978-1-137-38093-7,,,"19th century; modern; Africa; religion; education and schooling; war, displacement and humanitarianism; age and childhood institutions; empire and colonialism; race and ethnicity; child welfare and social care; family and household",August CSV,2026-06-05 11:35:28
Q9ENZIDF,Childhood and Colonial Modernity in Egypt,"Morrison, Heidi",2015,Palgrave Macmillan,Basingstoke,eng,978-1-137-43278-0 978-1-137-43277-3,,,"Africa; empire and colonialism; memory and oral history; environment and place; gender and sexuality; media, literature and visual culture; Middle East and Islamic world",August CSV,2026-06-05 11:35:29
66WCS6XW,Childhood in the Late Ottoman Empire and After,"Fortna, Benjamin C.",2015,Brill,,eng,978-90-04-30580-9,,https://brill.com/display/title/31713,empire and colonialism; Eastern Europe; Middle East and Islamic world,August CSV,2026-06-05 11:35:28
BKHKMLL4,Children and Childhood in Colonial Nigerian Histories,,2015,Palgrave Macmillan US,New York,eng,978-1-349-50559-3,,,"modern; Africa; empire and colonialism; media, literature and visual culture",August CSV,2026-06-05 11:35:29
G8TZMX9T,To Save the Children of Korea: The Cold War Origins of International Adoption,"Arissa, H. Oh",2015,Stanford University Press,,eng,978-0-8047-9532-6,,https://www.sup.org/books/asian-american-studies/save-children-korea,"United States; modern; North America; East Asia; Korea; war, displacement and humanitarianism; adoption and child circulation; environment and place; global and transnational; media, literature and visual culture",August CSV,2026-06-05 11:35:28
UUZJTS4W,Youth and Empire: Trans-Colonial Childhoods in British and French Asia,"Pomfret, David",2015,Stanford University Press,,eng,978-0-8047-9517-3,,https://book.douban.com/subject/26646433/,Europe; France; age and childhood institutions; Britain and Ireland; empire and colonialism; youth and adolescence,August CSV,2026-06-05 11:35:27
WK8E6Y3P,"Empire, Education, and Indigenous Childhoods: Nineteenth-Century Missionary Infant Schools in Three British Colonies","May, Helen",2014,Ashgate,"Farnham, Surrey, England ; Burlington, VT",,978-1-4724-0960-7,,,modern; religion; education and schooling; age and childhood institutions; birth and infancy; Britain and Ireland; empire and colonialism; Indigenous and settler colonial worlds; race and ethnicity; youth and adolescence,August CSV,2026-06-05 11:35:35
4R67K8XX,"Inhabiting 'Childhood': Children, Labour and Schooling in Postcolonial India","Balagopalan, Sarada",2014,Palgrave Macmillan,"Houndmills, Basingstoke, Hampshire ; New York, NY",eng,978-1-137-31679-0 978-0-230-29642-8,10.1057/9781137316790,,"South Asia; education and schooling; war, displacement and humanitarianism; empire and colonialism; labour and apprenticeship; law and rights; global and transnational; media, literature and visual culture; material culture and play; methods and field formation",August CSV,2026-06-05 11:35:31
54PJTIRJ,Chinese Basket Babies: A German Missionary Foundling Home and the Girls It Raised (1850s–1914),"Stone, Julia",2013,Harrassowitz Verlag,Wiesbaden,,978-3-447-06990-8,,,20th century; Europe; 19th century; modern; religion; East Asia; birth and infancy; adoption and child circulation; China and Taiwan; family and household; Germany and Central Europe,August CSV,2026-06-05 11:35:32
YIA4EUGB,Enfances déplacées. 1: En situation coloniale,,2013,ENPJJ,Roubaix,fre,978-2-7535-2194-0,,,empire and colonialism,August CSV,2026-06-05 11:35:30
UTC77ZHS,Singapore Childhood: Our Stories Then and Now,"Koh, Jaime; Singapore Children's Society",2013,World Scientific,"Singapore ; Hackensack, N.J",,978-981-4390-77-4,,,Southeast Asia; memory and oral history,August CSV,2026-06-05 11:35:32
A7RY8568,Soviet baby boomers: an oral history of Russia's Cold War generation,"Raleigh, Donald J.",2013,Oxford University Press,Oxford,eng,978-0-19-931123-1 978-0-19-974434-3,,,"modern; war, displacement and humanitarianism; birth and infancy; Eastern Europe; memory and oral history",August CSV,2026-06-05 11:35:35
KQFZH7XF,"The Communist Youth League and the transformation of the Soviet Union, 1917 – 1932","Neumann, Matthias",2013,Routledge,London,eng,978-0-415-83836-8,,,20th century; modern; age and childhood institutions; youth and adolescence; Eastern Europe,August CSV,2026-06-05 11:35:35
YSZZ3MAF,The lost children: reconstructing Europe's families after World War II,"Zahra, Tara",2011,Harvard University Press,"Cambridge, Mass",,978-0-674-04824-9,,,"Europe; modern; war, displacement and humanitarianism; family and household",August CSV,2026-06-05 11:35:30
NMQH7CR4,"Child, Nation, Race and Empire: Child Rescue Discourse, England, Canada and Australia, 1850–1915","Swain, Shurlee; Hillel, Margot",2010,Manchester University Press,Manchester : New York,,978-0-7190-7894-1,,,"20th century; 19th century; modern; Canada; North America; Britain and Ireland; empire and colonialism; race and ethnicity; Australia, New Zealand and Pacific; child welfare and social care",August CSV,2026-06-05 11:35:35
RXN9YLP7,Children as Treasures: Childhood and the Middle Class in Early Twentieth-Century Japan,"Jones, Mark A.",2010,Harvard University Asia Center,"Cambridge, Mass",eng,978-1-68417-501-7,,,20th century; 19th century; modern; Japan; East Asia,August CSV,2026-06-05 11:35:27
NLQWBVNU,Fostering Nation?: Canada Confronts Its History of Childhood Disadvantage,"Strong-Boag, Veronica",2010,Wilfrid Laurier University Press,"Waterloo, Ontario",eng,978-1-55458-254-9,10.51644/9781554583195,,Canada; North America; age and childhood institutions; adoption and child circulation; methods and field formation,August CSV,2026-06-05 11:35:12
QHTBVZU3,"Historia de la infancia en el Chile republicano, 1810–2010","Rojas Flores, Jorge",2010,Ocho Libros,"Santiago, Chile",,978-956-8347-44-4,,,Latin America; 19th century; modern; 21st century,August CSV,2026-06-05 11:35:30
LUTSIQK9,Nuevas miradas a la historia de la infancia en América Latina: entre prácticas y representaciones,,2010,Universidad Nacional Autónoma de México,México,,978-607-02-3501-6,,,,August CSV,2026-06-05 11:35:30
3EP5PFDP,Reproducing Women,"Wu, Yi-Li; 吴一立",2010,University of California Press,,eng,978-0-520-26068-9,,https://book.douban.com/subject/5495450/,"modern; early modern; medicine and health; East Asia; age and childhood institutions; empire and colonialism; China and Taiwan; gender and sexuality; media, literature and visual culture; reproduction, pregnancy and childbirth; motherhood and maternity",August CSV,2026-06-05 11:35:26
XY7FYXBM,Youth in Chinese History: Educational Practices and Representations of Children and Young People Between Tradition and Modernity,,,,,en,978-1-041-16050-2,,https://www.routledge.com/Youth-in-Chinese-History-Educational-Practices-and-Representations-of-Children-and-Young-People-Between-Tradition-and-Modernity/Falato-Vinci/p/book/9781041160502,,August CSV,2026-08-03 20:16:28
